{
    "hint:": "",
    "statement": [
        "Se citesc de la tastatur\u0103 dou\u0103 numere naturale $A$ \u0219i $B$. S\u0103 se afi\u0219eze pe ecran rezultatul $A + B$."
    ],
    "input": "Programul cite\u0219te de la tastatur\u0103 numerele $A$ \u0219i $B$, separate printr-un spa\u021biu.",
    "output": "Programul va afi\u0219a pe ecran num\u0103rul $S$, reprezent\u00e2nd rezultatul $A + B$.",
    "remarks": [
        "$1 \\leq A, B \\leq 1.000.000.000$"
    ],
    "examples": {
        "1": {
            "input": "3 4",
            "output": "7"
        },
        "2": {
            "input": "8 4",
            "output": "12"
        }
    },
    "hint": ""
}